{
  "city": "bengaluru",
  "random_cv_auc": 0.9663710484375001,
  "spatial_cv_auc": 0.9268293042643393,
  "spatial_cv_std": 0.03499874743531841,
  "n_samples": 80000,
  "model_path": "models/bengaluru_model.json",
  "importance": {
    "elevation": 0.030044078826904297,
    "slope": 0.041800033301115036,
    "curvature": 0.004861834924668074,
    "local_relief": 0.4132677912712097,
    "hand": 0.06173679605126381,
    "dist_river": 0.014185749925673008,
    "builtup": 0.3794194459915161,
    "dist_drain": 0.011148043908178806,
    "drain_density": 0.010863495990633965,
    "upstream_area": 0.011032070964574814,
    "sink_depth": 0.02164066955447197
  }
}