{
  "city": "bengaluru",
  "random_cv_auc": 0.75638733125,
  "spatial_cv_auc": 0.7277255816786778,
  "spatial_cv_std": 0.04213086737600524,
  "n_samples": 80000,
  "model_path": "models/bengaluru_model.json",
  "importance": {
    "elevation": 0.04316909238696098,
    "slope": 0.1103118360042572,
    "curvature": 0.03319450840353966,
    "local_relief": 0.42841359972953796,
    "hand": 0.0998590812087059,
    "dist_river": 0.03608066588640213,
    "builtup": 0.1143321543931961,
    "dist_drain": 0.02521228790283203,
    "drain_density": 0.04416733235120773,
    "upstream_area": 0.02860153466463089,
    "sink_depth": 0.03665788471698761
  }
}