{
  "city": "chandigarh",
  "random_cv_auc": 0.8980262265625001,
  "spatial_cv_auc": 0.8499674578613288,
  "spatial_cv_std": 0.04106138293468151,
  "n_samples": 80000,
  "model_path": "models/chandigarh_model.json",
  "importance": {
    "elevation": 0.18295811116695404,
    "slope": 0.11079110205173492,
    "curvature": 0.013083439320325851,
    "local_relief": 0.2510659396648407,
    "hand": 0.03953790292143822,
    "dist_river": 0.02311643399298191,
    "builtup": 0.2978379428386688,
    "dist_drain": 0.021379368379712105,
    "drain_density": 0.020414629951119423,
    "upstream_area": 0.023637719452381134,
    "sink_depth": 0.016177410259842873
  }
}