{
  "city": "chandigarh",
  "random_cv_auc": 0.8150887140625,
  "spatial_cv_auc": 0.791458785687643,
  "spatial_cv_std": 0.02004729926707343,
  "n_samples": 80000,
  "model_path": "models/chandigarh_model.json",
  "importance": {
    "elevation": 0.24030208587646484,
    "slope": 0.31042608618736267,
    "curvature": 0.025440048426389694,
    "local_relief": 0.1153809204697609,
    "hand": 0.036230526864528656,
    "dist_river": 0.02207132987678051,
    "builtup": 0.16475263237953186,
    "dist_drain": 0.022218292579054832,
    "drain_density": 0.02068033441901207,
    "upstream_area": 0.02046915888786316,
    "sink_depth": 0.022028541192412376
  }
}