{
  "city": "delhi",
  "random_cv_auc": 0.8895222765625,
  "spatial_cv_auc": 0.8300825974523747,
  "spatial_cv_std": 0.05607939508906922,
  "n_samples": 80000,
  "model_path": "models/delhi_model.json",
  "importance": {
    "elevation": 0.22900475561618805,
    "slope": 0.0756036639213562,
    "curvature": 0.010502427816390991,
    "local_relief": 0.09255953878164291,
    "hand": 0.015170871280133724,
    "dist_river": 0.08891469240188599,
    "builtup": 0.41379934549331665,
    "dist_drain": 0.02167575992643833,
    "drain_density": 0.01489125657826662,
    "upstream_area": 0.012321813963353634,
    "sink_depth": 0.02555582858622074
  }
}