{
  "city": "delhi",
  "random_cv_auc": 0.9721081296874999,
  "spatial_cv_auc": 0.9178012629664003,
  "spatial_cv_std": 0.023880825915613205,
  "n_samples": 80000,
  "model_path": "models/delhi_model.json",
  "importance": {
    "elevation": 0.03465432673692703,
    "slope": 0.013962888158857822,
    "curvature": 0.0027852721977978945,
    "local_relief": 0.06007462367415428,
    "hand": 0.008095154538750648,
    "dist_river": 0.15175898373126984,
    "builtup": 0.6800678372383118,
    "dist_drain": 0.012210026383399963,
    "drain_density": 0.0075505259446799755,
    "upstream_area": 0.008397474884986877,
    "sink_depth": 0.02044282667338848
  }
}