{
  "city": "delhi",
  "random_cv_auc": 0.8344552671875001,
  "spatial_cv_auc": 0.7971755984185205,
  "spatial_cv_std": 0.04199558901428974,
  "n_samples": 80000,
  "model_path": "models/delhi_model.json",
  "importance": {
    "elevation": 0.19474631547927856,
    "slope": 0.05771851912140846,
    "curvature": 0.01316109485924244,
    "local_relief": 0.1611505150794983,
    "hand": 0.020698033273220062,
    "dist_river": 0.10078983753919601,
    "builtup": 0.34936296939849854,
    "dist_drain": 0.027945363894104958,
    "drain_density": 0.03168231248855591,
    "upstream_area": 0.017853833734989166,
    "sink_depth": 0.02489117719233036
  }
}