{
  "city": "delhi",
  "random_cv_auc": 0.9221209703125,
  "spatial_cv_auc": 0.880766747838895,
  "spatial_cv_std": 0.03349458270753627,
  "n_samples": 80000,
  "model_path": "models/delhi_model.json",
  "importance": {
    "elevation": 0.041792839765548706,
    "slope": 0.05097217857837677,
    "curvature": 0.0030045476742088795,
    "local_relief": 0.036878541111946106,
    "hand": 0.008308817632496357,
    "dist_river": 0.03100045770406723,
    "builtup": 0.7936162352561951,
    "dist_drain": 0.010573345236480236,
    "drain_density": 0.0036417969968169928,
    "upstream_area": 0.006756210699677467,
    "sink_depth": 0.013454977422952652
  }
}