{
  "city": "mumbai",
  "random_cv_auc": 0.7323712046874998,
  "spatial_cv_auc": 0.6961332321316351,
  "spatial_cv_std": 0.031816436420658185,
  "n_samples": 80000,
  "model_path": "models/mumbai_model.json",
  "importance": {
    "elevation": 0.16469457745552063,
    "slope": 0.06448832899332047,
    "curvature": 0.04894297942519188,
    "local_relief": 0.09010031819343567,
    "hand": 0.03711560368537903,
    "dist_river": 0.03691697493195534,
    "builtup": 0.3923151195049286,
    "dist_drain": 0.03295481950044632,
    "drain_density": 0.024625809863209724,
    "upstream_area": 0.0350390188395977,
    "sink_depth": 0.0728064477443695
  }
}