{
  "city": "mumbai",
  "random_cv_auc": 0.921815828125,
  "spatial_cv_auc": 0.8617816668863452,
  "spatial_cv_std": 0.04357476840913021,
  "n_samples": 80000,
  "model_path": "models/mumbai_model.json",
  "importance": {
    "elevation": 0.23772010207176208,
    "slope": 0.07691611349582672,
    "curvature": 0.0266050286591053,
    "local_relief": 0.1365206241607666,
    "hand": 0.04496355727314949,
    "dist_river": 0.055263862013816833,
    "builtup": 0.2813068926334381,
    "dist_drain": 0.03433815762400627,
    "drain_density": 0.023631500080227852,
    "upstream_area": 0.026362596079707146,
    "sink_depth": 0.05637161433696747
  }
}